y_pred,y_std,y_test,X_test,R^2,RMSE
27.32112549963658,3.6463327494631423,1.131552175071445,"[0.1467484788134996, 0.7962767889107342, 0.2499276416151749, 0.8441373968871405, 0.8222594190367284, 0.3856442096148129, 0.7679686221358403, 0.5790104476786825, 0.1207014849558478, 0.6272113861865233, 0.4202572796757826, 0.2658328828980822, 0.3195921329849483, 0.6466131941942254, 0.0690444634641034, 0.3691031357478392, 0.5608155368895228, 0.412836403046648, 0.9832124069385874, 0.5733073049302313, 0.958070030027784, 0.5708181898338295, 0.3876011835972299, 0.7460279865730204, 0.960409110527088, 0.2622296302586984, 0.4782121029434451, 0.9263614131921558, 0.4342560434789813, 0.6571930836768309, 0.7222998665884844, 0.642971971240259]",-18712.074606175396,26.445111391649775
27.303616292766684,3.6463429764319963,1.1524519599012724,"[0.0102502390792691, 0.7247275783033076, 0.5935463157200316, 0.4555609924391928, 0.6777861926740489, 0.0006527139648409, 0.9442305251013118, 0.964525873939452, 0.4420860728799246, 0.1968602006775442, 0.6968610934395528, 0.0846234033579556, 0.0442333766324293, 0.8220281584411351, 0.0907275367334559, 0.0792988642528368, 0.3660039272583627, 0.4408055139171788, 0.5176444197425702, 0.0021128790241698, 0.3806950341555851, 0.9637638158450408, 0.638087146446, 0.8312163118827613, 0.6814983712270968, 0.7999684249961287, 0.3195893564719733, 0.0664412502267118, 0.9842644225981664, 0.9668553623276086, 0.1014421937629744, 0.2911299541439646]",-18712.074606175396,26.445111391649775
27.29638957768272,3.6463568639899533,0.6765713815840867,"[0.1620445932242493, 0.8102888115862126, 0.2585844771259034, 0.1255855676135198, 0.4060954483001364, 0.3228548425745238, 0.8367137231760113, 0.3751244681119178, 0.9529268507961856, 0.7190803570793418, 0.5733904106012251, 0.3364993996180947, 0.6430411280530484, 0.1956476310247, 0.4877517543552604, 0.8918165217476518, 0.7110926378158645, 0.911137944752996, 0.7887849559815782, 0.4573319651931235, 0.8856438474406444, 0.805901197267644, 0.5077609916284688, 0.7276767413458537, 0.2967716528348006, 0.4779081596446997, 0.4650400388636304, 0.1422215020446598, 0.908995128386144, 0.6981141501494533, 0.6584956103593902, 0.8142155618437137]",-18712.074606175396,26.445111391649775
27.377453801896053,3.6463286898515976,0.9840320525453045,"[0.8684660741305239, 0.6617544297698159, 0.9406726744056206, 0.3853912460001678, 0.4749205525397695, 0.8606107189704495, 0.5205176120820526, 0.6189941634524256, 0.0961729956379207, 0.8030702167590321, 0.3040206249433323, 0.7760773134673674, 0.7622558842459274, 0.4461078550409914, 0.4176563326787156, 0.0897046711294399, 0.1161215157372758, 0.9280063979243688, 0.2253522687658267, 0.2680398045825394, 0.6160030902370351, 0.3067276525661728, 0.2340960077991778, 0.0069903509720221, 0.8289277203238643, 0.4308223523592179, 0.7537424004462401, 0.2886605221308747, 0.8385235240226219, 0.4153077513970838, 0.2109532360047409, 0.4786963815072805]",-18712.074606175396,26.445111391649775
27.307546181036273,3.6463777190593825,1.2192581785071936,"[0.5574964515918005, 0.9477649662645876, 0.7232824478350551, 0.5353452938508939, 0.4268597717800042, 0.5876138836975778, 0.7597214486073348, 0.9584087965950708, 0.4337951340465422, 0.92613995606771, 0.0638199391214818, 0.822045662866068, 0.0278744494067971, 0.6626724761166799, 0.2550189284251421, 0.5430456723931564, 0.1308284053158148, 0.1075844262067723, 0.11279356756222, 0.6958475665935454, 0.91208444285692, 0.6704219886862539, 0.467241784483046, 0.4574596422818593, 0.0219707375592349, 0.7008861031734552, 0.5514601233800819, 0.6960294661706544, 0.4631228773088601, 0.2316445206468055, 0.4524572420119783, 0.9429449241360208]",-18712.074606175396,26.445111391649775
27.302351830720077,3.646361754341433,0.6558869970755894,"[0.9968862717310104, 0.1898943831423455, 0.4193636476345423, 0.3765610345715212, 0.2233057314406548, 0.8539845235571768, 0.9662959029938926, 0.9124547115435468, 0.6653982052107381, 0.5551385762387048, 0.2646522720416454, 0.1926727488061277, 0.003919317271097, 0.6019630134942008, 0.6912238330289784, 0.9363173367665582, 0.9554790896287556, 0.1859690531687567, 0.2621296124962186, 0.4221136657142449, 0.3580257673442095, 0.5488031713556158, 0.2107936723409112, 0.67811070317928, 0.7707344566293236, 0.2764303352209366, 0.2612920288785962, 0.0948185655729804, 0.6403506763221549, 0.8471924232788629, 0.9661840299626856, 0.160247639442662]",-18712.074606175396,26.445111391649775
27.310212580835376,3.6463779347840943,1.0186702681470416,"[0.5211423104193491, 0.1645839065222588, 0.7931995307563688, 0.6013740796446361, 0.0008986492070104, 0.65613225816655, 0.6135079014267135, 0.6293230459918856, 0.0759502176268106, 0.7010252244905121, 0.7283201914530198, 0.2427713427375898, 0.7327970237837675, 0.5574865695777068, 0.0632990424351469, 0.821864388259228, 0.2321876238551443, 0.842548867630255, 0.9713560989354938, 0.352489824593969, 0.1796235354629668, 0.6496995371281648, 0.2667673269039916, 0.4831240541119802, 0.3726416751736152, 0.875562530893542, 0.8852498803240764, 0.0872521137326949, 0.6264766204981425, 0.6055267396742477, 0.9785551457016112, 0.7300694106368559]",-18712.074606175396,26.445111391649775
27.30756570323993,3.6463806754693913,1.1274490445547019,"[0.6150776832718685, 0.1032985792322113, 0.2299214603804067, 0.379340278979993, 0.5940626370151671, 0.3555728824635247, 0.4344907184743665, 0.996704107605171, 0.0240353758075374, 0.9216275467661056, 0.4669723348116529, 0.3374499476867645, 0.7891276717985378, 0.4979713920884047, 0.7826226373718682, 0.2477420057040931, 0.8915138859172914, 0.7717260277880136, 0.7842722082404602, 0.9313453724946752, 0.5220102094156236, 0.1331397396417693, 0.2424173909654814, 0.9170835055206796, 0.7539421331001481, 0.7467049097219812, 0.9030666245931576, 0.0311225019384807, 0.5771810920883929, 0.3004224486755005, 0.181547888808414, 0.0321569274031498]",-18712.074606175396,26.445111391649775
27.31142334545418,3.646382939804474,0.7482177738604114,"[0.6136520399814768, 0.8948938518304722, 0.6614930343445838, 0.7414778640934533, 0.4197221610151061, 0.7245688864694358, 0.0482065252559747, 0.3054801150648644, 0.6064225698836739, 0.311743533102059, 0.5045693195351647, 0.0790194004691158, 0.4787488979968955, 0.1975155759939917, 0.1810849871985105, 0.1827557301268675, 0.620635406858363, 0.058555985518184, 0.792850551646634, 0.1520324804611819, 0.8360941015971605, 0.916908092322297, 0.9600328288822404, 0.4915684668753183, 0.8814592659552626, 0.1883006576097221, 0.9408172890226412, 0.67169586912635, 0.204244036901812, 0.8322161246584084, 0.9128866695860764, 0.4353008720042709]",-18712.074606175396,26.445111391649775
27.3109720289678,3.6463900155679716,1.0944053662826705,"[0.1697580113368745, 0.6993905412015579, 0.9009126611154784, 0.2632305042435702, 0.049817832223785, 0.838312057889324, 0.2271472649510094, 0.5861797832689934, 0.3664612206593227, 0.90743569553718, 0.5441738129310257, 0.3534455351801341, 0.2198639171039208, 0.8800862739985356, 0.0127741116677233, 0.2048886426126761, 0.3989405506708458, 0.785140600510234, 0.8592058501233252, 0.0841145774967399, 0.925231715787861, 0.7867664165792511, 0.7979856057752569, 0.3158078998683095, 0.4181011873041118, 0.6714551677491408, 0.4556576440276811, 0.929564452208416, 0.5229495510450723, 0.0246629308947828, 0.8094659735010283, 0.9895928155465116]",-18712.074606175396,26.445111391649775
27.312492177118987,3.6463896833027714,1.01689722536567,"[0.9868236560209044, 0.2283386966744218, 0.0625159109510611, 0.6161648840494538, 0.9683074292915788, 0.1463907424473471, 0.8925387120166022, 0.1036049537854123, 0.7783285511548309, 0.9708246493997308, 0.7256863235309904, 0.9499466959972396, 0.7862903268840763, 0.0853458223827013, 0.6722479874848771, 0.5701843779545686, 0.8552241678902205, 0.8198066553866004, 0.5578075190243778, 0.1458180662589291, 0.4869607238766626, 0.349875323212419, 0.2599753479133601, 0.0441762803346306, 0.857335097492479, 0.4360888627642457, 0.3361456674959407, 0.1321310093241941, 0.3043971929468984, 0.157651733915347, 0.9676837865537312, 0.6052018769132133]",-18712.074606175396,26.445111391649775
27.317812361826462,3.6463754227717065,0.5820931839473484,"[0.8929285712381576, 0.7457796398853339, 0.3883837109730166, 0.8689223500782097, 0.9184752526895658, 0.2947943166301652, 0.1044477238341631, 0.7960176055979291, 0.8677356847876482, 0.8616183101492102, 0.4300189051634588, 0.1751689291240223, 0.8993791379001116, 0.5590733103188741, 0.3037152767964673, 0.4140350518759504, 0.6287157241364449, 0.8627583148653678, 0.3855116586629708, 0.5776510615130942, 0.9301998536162668, 0.8400775633234234, 0.2172150000516662, 0.7861185745229363, 0.8907550063021955, 0.7851586827945595, 0.702782325875662, 0.1982804699121979, 0.2934328373157536, 0.5457889284585273, 0.9018423159853756, 0.427784844851013]",-18712.074606175396,26.445111391649775
27.30040250977942,3.6463664361430372,0.6449204460939075,"[0.4109703848158076, 0.9449457101791487, 0.5505164596956593, 0.3340723586473924, 0.1905874751079118, 0.1014517917041685, 0.1333864419694922, 0.023224492027363, 0.9559904121862052, 0.2525953858757657, 0.1428577535403121, 0.5725892580034037, 0.3186924952509927, 0.7575390347727193, 0.9577258119874849, 0.6815193802752721, 0.9305753965108866, 0.6060763588878753, 0.8657364537169566, 0.7228287130706161, 0.1373968046991464, 0.7436973174565, 0.8053853304757551, 0.3540929842263957, 0.5073547105541535, 0.3086276241229335, 0.1003470305695184, 0.8263826560290852, 0.0054013008850615, 0.2240521102706254, 0.8516021084630259, 0.1077773212591479]",-18712.074606175396,26.445111391649775
27.305607199848254,3.6463124933536304,0.9165234378903229,"[0.9037733413511878, 0.3347489301310736, 0.7929168556457226, 0.6838941458592567, 0.8647778574059517, 0.5941497876117857, 0.6063904738407904, 0.3704786653163963, 0.3835417002157351, 0.1290795857683561, 0.9866305750946628, 0.1938978966092968, 0.568930926013876, 0.6141922047793924, 0.9193037448041363, 0.8463775920496138, 0.9293443954224412, 0.0347839528622254, 0.4403240084881523, 0.5964244427198796, 0.2163660811460615, 0.4198989330420301, 0.8890452234580795, 0.4138157795949075, 0.6701954563837768, 0.6385719063954987, 0.8097900779410255, 0.2257867799153732, 0.5935633398551264, 0.6751091581242525, 0.6480333612466365, 0.4468392555250478]",-18712.074606175396,26.445111391649775
27.371954802120676,3.646063474112808,0.8397383145335702,"[0.7233013532846564, 0.3751816798495266, 0.1210873151680345, 0.016941975244568, 0.7816932479427778, 0.6817439769805217, 0.5014755348226816, 0.6492326130071839, 0.9743043299180404, 0.5528582210542715, 0.0413807418864633, 0.2103871650944271, 0.7104472621369248, 0.2764289338279234, 0.096673658845857, 0.0734604826347743, 0.5198287461514327, 0.3898251389373085, 0.407466235349373, 0.6321562767259007, 0.3711663003075894, 0.2949571692307239, 0.6470681623226311, 0.0112256516335176, 0.0285327067246859, 0.6635310262886565, 0.564971056631336, 0.5093510832597915, 0.2852362188862055, 0.5708151931394988, 0.609417142079292, 0.3981986698843799]",-18712.074606175396,26.445111391649775
27.30839076268463,3.6463885150437707,1.1790180777184107,"[0.0812935180618262, 0.3674474532064024, 0.3389382904638343, 0.0903910111960571, 0.4526224722229737, 0.2083810777180484, 0.9492250271665068, 0.9506295749618352, 0.7659402827490074, 0.8869424815664948, 0.0386691070071168, 0.1337889919331292, 0.7371431911671339, 0.8287456133813298, 0.961595901572462, 0.346111870585476, 0.9216899196326752, 0.5110571626710687, 0.80563677195219, 0.6996010596735692, 0.0190738119798223, 0.8972345938107552, 0.6737316392709787, 0.021619347247151, 0.6401892262742493, 0.1096417192372081, 0.1315257400471698, 0.4218670972405505, 0.2780676180717329, 0.8473727916472159, 0.1266986242635664, 0.4118976311212]",-18712.074606175396,26.445111391649775
27.30672285486129,3.646339864218894,0.5582891608201386,"[0.2596066751279595, 0.5028919048768511, 0.3287557821183431, 0.7348854628196629, 0.2097012556219082, 0.7332679250714047, 0.7078671005075545, 0.1547132719219382, 0.4253492600456557, 0.2882634575778374, 0.709255152424182, 0.917333299926673, 0.0349532621800544, 0.3266353801571503, 0.1760624401690342, 0.8829639034401218, 0.3584292493729644, 0.7663134953295023, 0.2729472614312044, 0.2068222628821322, 0.9947919073271586, 0.2426425755155694, 0.7159500847264969, 0.2123702673806655, 0.0789615503018582, 0.2756191575893114, 0.840143276852417, 0.3427987680862318, 0.3577501610243144, 0.8660757853525117, 0.5681806588425915, 0.642803451282974]",-18712.074606175396,26.445111391649775
27.312507704866313,3.6463543212162484,0.782258851371782,"[0.2259085229604842, 0.6589497830932072, 0.7016281705718802, 0.5119672642924286, 0.9300893820390654, 0.744476524795479, 0.3179729907260536, 0.2302737648495993, 0.3265009692958201, 0.2652677543765016, 0.7170006203022209, 0.4325630152703831, 0.8715341799725157, 0.1082229565642187, 0.1932052281490165, 0.983595604007308, 0.1075206651469246, 0.7194622336511658, 0.8220777561892048, 0.7120493906742165, 0.2295663968301736, 0.0221188612580906, 0.721600160433022, 0.4391407240786827, 0.0573801870531153, 0.7883670569662619, 0.1479514873378505, 0.5022902583301844, 0.0723964209240849, 0.6600117800432779, 0.6636660135200819, 0.2683222588504118]",-18712.074606175396,26.445111391649775
27.30953864949604,3.646376610560275,1.0918131875322812,"[0.6631462160448379, 0.6811768435531744, 0.2977815558129783, 0.971925528301362, 0.6477033662681669, 0.0973393875650639, 0.1204723649145897, 0.1670396091967512, 0.44475947572781, 0.7518705889908056, 0.955400997273982, 0.2494875053932431, 0.7986245548508192, 0.1592004062063199, 0.3938798229588124, 0.4902693564788985, 0.8500827574058483, 0.758095019872124, 0.1336686731383177, 0.8040551352668945, 0.5827288693945268, 0.6617075035752176, 0.4012911491234294, 0.6795094978989306, 0.2515638567934198, 0.852310943550284, 0.8853235839605716, 0.0521138076449036, 0.7623771211551386, 0.5904997776027168, 0.1502030206366026, 0.7551493743149016]",-18712.074606175396,26.445111391649775
27.313367057510646,3.646391549069923,0.9371118383099842,"[0.7800124171489129, 0.1162260800149854, 0.139006517971783, 0.0269050550800096, 0.9396349726451272, 0.021252340035835, 0.1347341727346289, 0.0629265913725794, 0.1591339331528644, 0.2120746204210779, 0.8646983024213092, 0.8859095437295325, 0.0258052547904137, 0.4573684243605792, 0.6018603969130236, 0.9007055579383819, 0.9158548928008526, 0.7719530659442297, 0.1823209558423932, 0.0562702033224522, 0.1330883577433138, 0.9710410466286336, 0.4432732400757364, 0.9878220248614636, 0.3213145276174249, 0.336828426361573, 0.4265373862196742, 0.093981017221661, 0.608385962469628, 0.8103388779041203, 0.2676537303265101, 0.7351308716118874]",-18712.074606175396,26.445111391649775
27.297940852452722,3.646374404893734,0.9173287219659843,"[0.1366274865193388, 0.4594477453421716, 0.0832062480082473, 0.4708914449642806, 0.4879882030991381, 0.0243203998888829, 0.9177338720620846, 0.8585498216900911, 0.4112921536351297, 0.2538041159900741, 0.0178514649299976, 0.6453278808109669, 0.8621182157930333, 0.5863444934918375, 0.9100281580255288, 0.2271969304959612, 0.950457049813831, 0.562683713170984, 0.9976846529587678, 0.612664385910117, 0.2562687173489258, 0.8475534577826318, 0.1485952142318494, 0.1895673224066991, 0.8686186500630573, 0.7422931401341326, 0.4374233138288974, 0.2475240629717464, 0.9206893629596702, 0.2322551045771978, 0.6425796425769821, 0.224660908396466]",-18712.074606175396,26.445111391649775
27.31577357093255,3.646358234812484,0.6396717303361369,"[0.346809097576462, 0.8931175735569078, 0.5926501587765874, 0.6789978611176081, 0.2290207117214502, 0.1549032501597909, 0.7841066852348751, 0.7976167423378695, 0.5036276911527912, 0.4796308695981252, 0.7985976773479222, 0.7875532609469916, 0.0486916230006384, 0.1533370994005108, 0.206440046610122, 0.2553218914116382, 0.5393296494614889, 0.1696705568041739, 0.120771737899943, 0.5858718105371762, 0.6193124428727788, 0.25943129892044, 0.3679872944002992, 0.4292374704671863, 0.3653470546881664, 0.7468248626313359, 0.2490287856351944, 0.0756486258604956, 0.3531543423321666, 0.1236021357780647, 0.0404490906262994, 0.7751661235512397]",-18712.074606175396,26.445111391649775
27.32626813019717,3.6463784441468023,0.8966355485469478,"[0.9851760775813276, 0.7390711002923307, 0.7810023798394715, 0.0780646002370403, 0.7529462274639516, 0.3537956407450617, 0.4983422791542368, 0.1103181508443473, 0.3150660621328272, 0.5843518029736585, 0.889393438989475, 0.9429011938850276, 0.3006080034291518, 0.1911180472460867, 0.9463555726140128, 0.3180919536096764, 0.0309609793797137, 0.394169538003815, 0.2310148981205055, 0.6132056874080025, 0.5400850446977261, 0.6792857109552606, 0.1401353040456944, 0.245885258968088, 0.7333637975395648, 0.5886211083948851, 0.3832944142495223, 0.4796587653796053, 0.7554094429600058, 0.0754335573768656, 0.5977527356071239, 0.9946096223855992]",-18712.074606175396,26.445111391649775
27.32117497126411,3.6463833074404364,0.8475261869251959,"[0.8629345904680714, 0.7611750526172887, 0.4008060334322939, 0.8419881600060063, 0.1678249535471531, 0.5605761797838772, 0.956831121605876, 0.2422111994334753, 0.9307722376323916, 0.4938572412464478, 0.288996806267408, 0.0620444333614678, 0.1763757811456428, 0.3600423015624661, 0.1490000004001453, 0.9132712907962848, 0.1594051618961321, 0.1936358396215131, 0.3372163142851819, 0.1302135251887882, 0.9756760664856802, 0.6126457555809925, 0.247714381130232, 0.6669318109874536, 0.0358602363607909, 0.3333578481105509, 0.3665143556861194, 0.5132748716011227, 0.0830722278487953, 0.4051767992596107, 0.4903993162011105, 0.1112485197313129]",-18712.074606175396,26.445111391649775
27.323267779640574,3.6463841332644225,0.7456275055393794,"[0.8314586896328787, 0.5459248776270589, 0.950151823402376, 0.1757276746191246, 0.3273105056233781, 0.2775023310007701, 0.2850670216244524, 0.1733817950777502, 0.1760707938102834, 0.928086837017019, 0.6058057286005275, 0.8419545326031678, 0.8635003785908559, 0.969961297511606, 0.0350110242246687, 0.0973590264964861, 0.5641688419011294, 0.0148328453907275, 0.3895308897783073, 0.3053073258599121, 0.996971364392842, 0.7895464409704064, 0.4865462811678149, 0.2282498264626966, 0.6711246217479324, 0.0790366438456825, 0.5862054765659774, 0.5433267157232056, 0.0417818953351297, 0.3877166108494062, 0.8281636171565767, 0.1422761661111301]",-18712.074606175396,26.445111391649775
27.30929852751629,3.6463849670606443,0.8142732669057778,"[0.8512220068883671, 0.2032248201968306, 0.3393433539681113, 0.1460529499338989, 0.1595069686584904, 0.0250522050146361, 0.1494657327728297, 0.4010503164364203, 0.0148308398926999, 0.6440992955928551, 0.2999979182559589, 0.5331055547435423, 0.2389190118750701, 0.3614892230750892, 0.8659121225532151, 0.2177570344925475, 0.5903765499665292, 0.3083724665943562, 0.1209818994748593, 0.0469273031629661, 0.4361233548834493, 0.0181360829545888, 0.0229756587992552, 0.8080864972472611, 0.9576526950447982, 0.6752601119499709, 0.4705595234482879, 0.434111561073103, 0.7447839624628643, 0.6625992839588913, 0.2626347551967787, 0.7962415406135808]",-18712.074606175396,26.445111391649775
27.318276995172795,3.6463802442981508,0.9700828573856155,"[0.8235684379161652, 0.8831930789413867, 0.957295545595021, 0.5054851822949755, 0.8362643341713579, 0.2308449659448749, 0.9347465737790698, 0.5286791417238511, 0.9402248655378764, 0.4275569100882032, 0.6449011786406362, 0.7129721141072572, 0.0531646769821878, 0.1769185170381227, 0.2070870916560208, 0.1300423023449472, 0.8316388718300796, 0.3073790833967857, 0.0633107846354076, 0.7825785703983018, 0.245650277455675, 0.4567216282791306, 0.4205121885259599, 0.4808004858572972, 0.5561179931953802, 0.8807692977175621, 0.3940727890848316, 0.4320368263578377, 0.1456119353273459, 0.0844122065962508, 0.7442385635293333, 0.2332737950141262]",-18712.074606175396,26.445111391649775
27.305278241416612,3.6463810884631784,0.7488434182992731,"[0.1572823368921135, 0.7221866361004984, 0.0850200086525116, 0.1150360431593531, 0.2272436136897739, 0.5874214379417135, 0.0906062712560206, 0.952080979491392, 0.9238680594953662, 0.6476303875549323, 0.1639925351007283, 0.7292428498349538, 0.6217048739215885, 0.8129494244343235, 0.0949042177221583, 0.9513374330854456, 0.181024536417106, 0.5448876673335241, 0.3568411584737205, 0.4035362825185115, 0.1012513950084665, 0.8435896786056064, 0.0272754409871235, 0.6918455060907442, 0.3990893840897777, 0.0778358182527348, 0.1452115926758326, 0.6149976223534954, 0.9465709395318695, 0.8827970530286268, 0.426327996416404, 0.0706819425525309]",-18712.074606175396,26.445111391649775
27.317146194152308,3.64638100217812,0.6290836735793895,"[0.2446461367279843, 0.8702373088910554, 0.5945727225281717, 0.3791825963538898, 0.6486396483605466, 0.6523474051913111, 0.0760473963456156, 0.0703058740964257, 0.2695572913971321, 0.7939431087219336, 0.014998740477366, 0.5512700208002198, 0.038063873776144, 0.7963847691688788, 0.2517949100442639, 0.7204744800764794, 0.1745807152576805, 0.6360238794406895, 0.4159566013366046, 0.0420341815120681, 0.3194039712946869, 0.1780500218779923, 0.4336131228305217, 0.6403813397378955, 0.2137581843737961, 0.6061481431611382, 0.6119673531757361, 0.1335161197042075, 0.6808432855091272, 0.5481006882361626, 0.103891608363336, 0.7307914855838082]",-18712.074606175396,26.445111391649775
27.318035075787478,3.6463786706887156,0.8348875886813744,"[0.7858700706958146, 0.4703160254562863, 0.8834056015552026, 0.0773647930022828, 0.2968330103059571, 0.5552346644230824, 0.1981993067707482, 0.1104546808659281, 0.994459574437308, 0.8456545982079141, 0.5710991625664132, 0.2169571242269173, 0.359759376839948, 0.1503274024968999, 0.4790549918275572, 0.169904530637232, 0.1318893680102738, 0.1832876317838888, 0.6727076049545723, 0.0544374419471618, 0.5648252720551138, 0.0090096564283405, 0.6487312928095643, 0.8702470688069931, 0.2288501854821309, 0.6375221546699613, 0.5695534809488791, 0.5388881080309613, 0.9213416382560872, 0.0824797771013125, 0.4282468721814674, 0.0450424179039672]",-18712.074606175396,26.445111391649775
27.315541847534544,3.646386488172612,0.7108761495043655,"[0.380511039311083, 0.7029018154064802, 0.541680961993604, 0.9219189129286895, 0.5067048070229022, 0.9155941719977856, 0.156312960411395, 0.7506098885638003, 0.7250996064072228, 0.7239866137623397, 0.666819475220279, 0.2253748398343978, 0.1447501675881092, 0.4463273765610367, 0.8761044585411759, 0.1669168335589471, 0.4667353464549748, 0.919507148204871, 0.0293024499125058, 0.2190398364821591, 0.9769364832702312, 0.0360055615347161, 0.5226737803735686, 0.775233326217719, 0.0944200596042458, 0.6686999962697887, 0.2380517523635932, 0.8890763308183223, 0.5688854538844849, 0.2633975544967529, 0.0976947538537284, 0.593414473453885]",-18712.074606175396,26.445111391649775
27.315902994517575,3.6463899626541347,0.7443244012132174,"[0.788165808118108, 0.793315867991828, 0.0469058428152199, 0.6351915348207926, 0.0573861423671113, 0.8557959192202063, 0.1446214576511236, 0.7455689856273123, 0.0860728724226754, 0.2808121371172919, 0.6327960504542883, 0.6107499288360289, 0.0838476058246009, 0.1074322509186472, 0.8089065946789331, 0.4380280080170425, 0.1005920511508109, 0.1671594072567106, 0.3808893376690528, 0.3539383319350266, 0.0518428250938834, 0.6380116272562313, 0.3109995669362148, 0.5581894958878144, 0.2823127112020713, 0.3696523760327872, 0.927342239551338, 0.9533970833116648, 0.2545848860936732, 0.5723804111823491, 0.8264828754988459, 0.0680422755730407]",-18712.074606175396,26.445111391649775
27.32423956879774,3.646265758824636,0.6673062134070851,"[0.1244260283382937, 0.4666118427363159, 0.7693153980957158, 0.1546465912914954, 0.5197248766927622, 0.0937589094761103, 0.0734061585767906, 0.0141867610133223, 0.4718615045885833, 0.7401190928518661, 0.5752416180497927, 0.484641014519437, 0.5605869013664972, 0.4781021733553855, 0.4023642737658109, 0.2090041909282299, 0.8611970578066049, 0.8410401491008607, 0.5386948357301669, 0.1852082602075678, 0.8159636039035337, 0.6692734701795477, 0.7015130954158235, 0.4737973539580573, 0.245853199372743, 0.1608327895861284, 0.1104615761576668, 0.4242867521594822, 0.0117211013133308, 0.5430243583608468, 0.886879583665061, 0.1984522063247692]",-18712.074606175396,26.445111391649775
27.319302162647887,3.645972526361808,0.6109253495802272,"[0.5802593682595457, 0.6625001377996679, 0.467666786139027, 0.3573235631207163, 0.43156694408308, 0.2317120967917253, 0.9029622904241266, 0.8329312694026972, 0.7921213396378936, 0.5666611834241153, 0.6007984756821872, 0.4739697362734684, 0.5334586667133878, 0.636192023955572, 0.0684031336418059, 0.3941305952644778, 0.9795683712265552, 0.7396676622732244, 0.0985608240582687, 0.3685712909493566, 0.228579685805919, 0.2494335445806183, 0.8953186964436514, 0.408289230323493, 0.2917407155812632, 0.6946696585130154, 0.6172793442398995, 0.3426133154009998, 0.8152907087315995, 0.6685792557524469, 0.236523420305014, 0.9765645226537314]",-18712.074606175396,26.445111391649775
27.31309358148343,3.6463837244357946,1.1175020915632419,"[0.5415419269277244, 0.4815737274153032, 0.6644578884172302, 0.1262670239236102, 0.4642605048987234, 0.9772676233599216, 0.8790909563200684, 0.8842704140302033, 0.0050846354377738, 0.3052580740919303, 0.9877347917455545, 0.6313504563667173, 0.8566275905223197, 0.391672865960437, 0.6408403031211405, 0.973467494434792, 0.6486038780392608, 0.4708465885983206, 0.4356388739691248, 0.3950429398563779, 0.5818709187665171, 0.4318014193628731, 0.7913934361729834, 0.1893619215178124, 0.1586747021235337, 0.6329883679722536, 0.4182895944500241, 0.7005316551431234, 0.9930293900693687, 0.0088936082564886, 0.4012311992113072, 0.5468373588466857]",-18712.074606175396,26.445111391649775
27.3268898729975,3.6463673724805763,0.8200458578486509,"[0.186152727870523, 0.9237791272057976, 0.8224938121100375, 0.5996909372261812, 0.8749745861303726, 0.6916652901638597, 0.9662403995409712, 0.8102750339663385, 0.1792618676093083, 0.7621383528956158, 0.1598364654848263, 0.8948080739334671, 0.4472469035501019, 0.6723550332305741, 0.4282454944272285, 0.4237782177703159, 0.6094218248366668, 0.9006066813246678, 0.3297493858589992, 0.8279671926268639, 0.0581561902645903, 0.0355673551643121, 0.7004445051114919, 0.4959183660078898, 0.7223176682997443, 0.086478013617409, 0.5969663533695104, 0.4005126051370169, 0.813321574639066, 0.8466533823573658, 0.4997567744368354, 0.3929362687112165]",-18712.074606175396,26.445111391649775
27.313180655931998,3.6463854681896106,0.9488037682747026,"[0.4098464378103775, 0.3163925756957048, 0.7075781703405188, 0.7653002063300024, 0.9100097003525274, 0.9121925489229552, 0.2003248692561274, 0.3403913180994675, 0.9493843562296608, 0.4372635618403876, 0.0288872570798295, 0.2296619383754262, 0.5933579698628163, 0.9085911425633196, 0.1131993918329494, 0.8000180323505436, 0.7802895646487984, 0.5147600056006215, 0.6387915720452038, 0.5262790904212257, 0.1332349906685655, 0.7026684893061723, 0.7620318090720878, 0.0450303918082125, 0.0193327149588603, 0.970999837945216, 0.493443589949976, 0.6971552462518272, 0.9587201103271376, 0.2491587468639856, 0.1056556465263974, 0.2078629501928792]",-18712.074606175396,26.445111391649775
27.314593716347616,3.6463819618950137,0.8285537484689526,"[0.3107105208875066, 0.1793063107684589, 0.8061271787912975, 0.2550649422820431, 0.3164170377759644, 0.9493502352780062, 0.1513163866674749, 0.7704968605794762, 0.5117051502377581, 0.8933111248202151, 0.0543669308423541, 0.3907985494989984, 0.4079056338656359, 0.5768207958370621, 0.0690732144367017, 0.9977658342035316, 0.5565785214889178, 0.3190282491276465, 0.2066045704317665, 0.4597568202838588, 0.3034101883192986, 0.9756236598933749, 0.6945929981021901, 0.083221604828603, 0.8635233590708331, 0.0850637176090985, 0.9864967661898488, 0.1031629320840575, 0.462074180586017, 0.553300294529376, 0.4097405756626447, 0.5195524630998765]",-18712.074606175396,26.445111391649775
27.365160339000088,3.646294306344588,1.0561760958066837,"[0.0494078329217406, 0.1786205887662738, 0.2533165443671124, 0.0600125570765458, 0.5386448651191256, 0.137876114909667, 0.978290801579365, 0.8751331223854589, 0.5219964356340413, 0.2098820506613259, 0.7643190165634658, 0.3316278231217623, 0.3800692001104903, 0.9629432401504272, 0.3584200179945101, 0.8966952347949615, 0.0646393450955579, 0.311506535014827, 0.9573570059425832, 0.5092574488404137, 0.8402928239416149, 0.5532360060401301, 0.3851996767557465, 0.3967107410648914, 0.2169057033680567, 0.1018994442241439, 0.2738365076467463, 0.7638610431855112, 0.98571854892665, 0.5265976015604489, 0.5308217870875085, 0.0153153487564495]",-18712.074606175396,26.445111391649775
27.33785768024216,3.6463531654025694,0.9807228089257585,"[0.0502723188235181, 0.2102696575412661, 0.5494245894866324, 0.3421542881300439, 0.6711221234072728, 0.8847292069135726, 0.3596892296249649, 0.5860942254877816, 0.8228115625585133, 0.6418553020915682, 0.1695607931190044, 0.8604075455802545, 0.6462555288069328, 0.7656539029742284, 0.1547423186399932, 0.3271903019685164, 0.6599429964876736, 0.8677750267253959, 0.906625156046682, 0.7629221610199579, 0.1290978945905742, 0.2540642132111785, 0.851450281952796, 0.3078536319076663, 0.108273660821379, 0.0683633180060156, 0.4555658856894085, 0.2773939140230193, 0.4198923880459099, 0.4601807733199996, 0.2911359931318432, 0.4496145907358721]",-18712.074606175396,26.445111391649775
27.318182019712747,3.6463731099828283,0.720927867352786,"[0.9922960057856568, 0.6623230296439169, 0.4428580798434506, 0.897333628477585, 0.2162143584914677, 0.0699240374269938, 0.9843375136054326, 0.1960532838137679, 0.0026402068198759, 0.7914807433581147, 0.6910057486186313, 0.7201244908567215, 0.3134957941908775, 0.0100659517099366, 0.1526824834034206, 0.0955461709263079, 0.2763481008213504, 0.1732532007121408, 0.6777753560712748, 0.440648636595927, 0.5612738236456066, 0.2390656334285166, 0.719846553610504, 0.1058639541711955, 0.45500341739936, 0.4066605135062238, 0.2143374131997111, 0.9461788108181418, 0.2596392326293462, 0.9747415261278516, 0.1452938265281155, 0.1916567697763439]",-18712.074606175396,26.445111391649775
27.309387306070867,3.646382726179978,1.2806771505770342,"[0.5900011683968951, 0.0669737889608241, 0.8046883969749065, 0.3103837935313907, 0.6901548472556, 0.0120157813096154, 0.0917443620448534, 0.6970826409848024, 0.6766104668944427, 0.5187447940499332, 0.3026217150123754, 0.2057829239611975, 0.6537591310521842, 0.4791957391094254, 0.0047894593514041, 0.7242931300286786, 0.7182041974762683, 0.9985851259014848, 0.2493329329251357, 0.2015061929767209, 0.7939675125721837, 0.0337402374709202, 0.1484063282699028, 0.8217114412268218, 0.0192744643577013, 0.4222094633511048, 0.5339335999905778, 0.1443424214778333, 0.4012351270906047, 0.2700237974938378, 0.3533504446759625, 0.3309473752596935]",-18712.074606175396,26.445111391649775
27.309869627907602,3.646376001940979,0.9054698923870195,"[0.8095654646778544, 0.959015285294905, 0.6357601211957331, 0.6427217534184421, 0.5702779791257047, 0.7161596757966254, 0.32189500458116, 0.7344598179561086, 0.2966162546138596, 0.9440152181378624, 0.8692858936200738, 0.1286953083782165, 0.0356951645509871, 0.9343622761664078, 0.3056399807103152, 0.7150892960023802, 0.9056143549423464, 0.7521284593195252, 0.404538177523955, 0.121750779990653, 0.4307232900152397, 0.801164265057299, 0.1578890152947949, 0.5045719171911905, 0.0666262257304276, 0.8541203893615666, 0.3657715546554468, 0.1038322499046339, 0.583946701259575, 0.3870361260019492, 0.6066566307683955, 0.4896070570324067]",-18712.074606175396,26.445111391649775
27.321198452017036,3.6463806563778283,0.680061436263782,"[0.0647438619101673, 0.602615349744901, 0.2362141022842481, 0.4555077912109417, 0.1813396803544572, 0.868459328922167, 0.9303028141175168, 0.6325495949318379, 0.086170636672607, 0.8623394461816375, 0.7419170687314696, 0.7649547772342845, 0.9130778790561364, 0.8742836637621432, 0.4240537023023328, 0.8482413385996924, 0.2065622671202466, 0.2909278089599013, 0.0338413281046609, 0.6947451422333065, 0.7546795825246752, 0.1019541755906335, 0.8561933623063346, 0.7561609513080962, 0.1596666050421146, 0.8353066606663238, 0.1894345413511344, 0.5487138719729255, 0.1654378051202251, 0.4002971374234619, 0.5258171842878233, 0.7453490548337627]",-18712.074606175396,26.445111391649775
27.30049385515292,3.646366864829804,0.5916271123157391,"[0.6661965719989098, 0.251839765123543, 0.4818593738010786, 0.7334093012540088, 0.013646455687376, 0.451987995288565, 0.1028205899683008, 0.3490744336390633, 0.1367209332182067, 0.30293903488819, 0.2877094045982096, 0.3108085984906075, 0.4769141600846131, 0.337581070687508, 0.1895347038270455, 0.5422390195273149, 0.0852115507859459, 0.5925554926472271, 0.7805621438484007, 0.9058599590972838, 0.2177822438809782, 0.3283062105770565, 0.6070869256499869, 0.7719284985501883, 0.1948742712797843, 0.3569021581858465, 0.0535381867151781, 0.0087981760804962, 0.3710464989531311, 0.703084999253319, 0.0078720558644621, 0.5265308868775405]",-18712.074606175396,26.445111391649775
27.324930825832993,3.646367639898928,0.9389510671794351,"[0.0634921379311675, 0.0681551855989956, 0.6349985298436758, 0.5282626198651587, 0.8593498553661112, 0.1600276854737424, 0.7434054785457032, 0.2310772089359827, 0.923483872987352, 0.3226778896424923, 0.4780193844192281, 0.9636730970068652, 0.8221224797424704, 0.8552310924775368, 0.6139817437011834, 0.5822960217322732, 0.788617765499235, 0.5634719622612151, 0.6192060344576583, 0.7095627104801939, 0.603018393626763, 0.087617300817984, 0.5509549252183034, 0.2189169838099226, 0.5591559408101261, 0.8949992497293829, 0.7673792579090071, 0.6146369012280367, 0.1582725197065107, 0.8133518025175215, 0.5138151428478577, 0.4272818009686934]",-18712.074606175396,26.445111391649775
27.327107305824175,3.6463679213036007,0.9028289584423232,"[0.1670345783787685, 0.2704218289171743, 0.1182120951436781, 0.6012543132786229, 0.5346226266002371, 0.3518539304295394, 0.2030650333759676, 0.9598117713794148, 0.1770802227908209, 0.5066242146625866, 0.8939010351065388, 0.0345420932466039, 0.1605752610228515, 0.6226172220646863, 0.4120846546946803, 0.2481122712086509, 0.5475303638466817, 0.1818023442933199, 0.3841992054516348, 0.2657371599652692, 0.6526759935531543, 0.0152847582492433, 0.001770115143111, 0.9095608297592332, 0.6062350938485771, 0.2663248602656439, 0.765072089210453, 0.8379269113117237, 0.8388377999825685, 0.0751681651838411, 0.8816771053096012, 0.6473140897236644]",-18712.074606175396,26.445111391649775
27.29808808244754,3.6462042578970117,0.8302506589846839,"[0.2103936746865204, 0.9015427891812994, 0.2241884538598009, 0.3237460628922657, 0.9484908814976726, 0.1844900517568677, 0.611899465728122, 0.7706779400754143, 0.320496917779605, 0.6311339107825236, 0.7142995300063065, 0.5368620914544336, 0.3304048884948812, 0.2093963318953671, 0.4978229056067317, 0.889937370321653, 0.3372649153321486, 0.4566333452143722, 0.1066973524797052, 0.4663034407025924, 0.5293527084047311, 0.0337625770726369, 0.1554740526146072, 0.4357842536435851, 0.3798102652319776, 0.0890941034521067, 0.0934996917189013, 0.7496758833191622, 0.3479188737443506, 0.3160862708710499, 0.2998033357077743, 0.5381358630657036]",-18712.074606175396,26.445111391649775
27.312003137656223,3.6463776499755896,1.315431082632129,"[0.3219672620888676, 0.4302478119036592, 0.5676467553005597, 0.6892158396114298, 0.6904010737491518, 0.0606072406766775, 0.338757710191257, 0.9888250466361816, 0.560302887064057, 0.3448102527648729, 0.3796829011942683, 0.4679687120974976, 0.1341109013624473, 0.1414730292874709, 0.3726690770001382, 0.6443127716599276, 0.0083124702606184, 0.1290720432984607, 0.0724860833323561, 0.1723797318591386, 0.0536074807461751, 0.0629740990838342, 0.9267961291813384, 0.6006411165612731, 0.8869219132244663, 0.9197891266543348, 0.5076074116956694, 0.1851844981224718, 0.9996544177840636, 0.2321719680919539, 0.6142258856324329, 0.7055930693015466]",-18712.074606175396,26.445111391649775
27.3115670264372,3.6463684082970143,1.0180005612037237,"[0.8872507018833324, 0.3859568938212823, 0.634292852331217, 0.2045556695820992, 0.3548430722964805, 0.1128975514709899, 0.4994198324681963, 0.5477117269685856, 0.8025503083885026, 0.2998747923818017, 0.0885620841642462, 0.7363688797509697, 0.8787194628469205, 0.2242875409633318, 0.3145319348201141, 0.2311033946825143, 0.9288260100770802, 0.3396236692422896, 0.843883620012507, 0.1007837292058607, 0.0780609355264017, 0.4742769154471832, 0.7072375726987143, 0.4384747935001671, 0.738683403379591, 0.1697807309902383, 0.3489622948036693, 0.0675835871418416, 0.3704087051761082, 0.4085255329393676, 0.9377306023551554, 0.6150165659004696]",-18712.074606175396,26.445111391649775
27.323253649690688,3.646380742348314,1.1227914957851746,"[0.2406886801543493, 0.4334058280378567, 0.7775792988484579, 0.2530396241531203, 0.994369823617372, 0.854208825633878, 0.0543111347827705, 0.8597073511683767, 0.2957891722637726, 0.3459741332716993, 0.9858440741786348, 0.8468976808814624, 0.2798485240024235, 0.7271534098979986, 0.2965943432727635, 0.7413221857088865, 0.2519118456426485, 0.9275042773304432, 0.4486843611653535, 0.4956446252333284, 0.0991455674844322, 0.0816251354440598, 0.7259835186747995, 0.4227121151975989, 0.4571819931103883, 0.6096664389373008, 0.4883801669248186, 0.3037512011313947, 0.4986042819558076, 0.1316903393189073, 0.4734696219554111, 0.0217467677269487]",-18712.074606175396,26.445111391649775
27.231094222510325,3.646172227331551,0.6757975870795113,"[0.6967191455702609, 0.9453248373111428, 0.8200213672863604, 0.4302566978903305, 0.3605811720157525, 0.0395067546761403, 0.9265853796646164, 0.9803350980287464, 0.5072668702895882, 0.8980871455832865, 0.4336215834870134, 0.6999230241363518, 0.6295409798218954, 0.7614131706489042, 0.0360972744227244, 0.022682421643832, 0.9525415013200534, 0.7145293814715666, 0.3948854903263663, 0.5630162753776661, 0.2068970506700894, 0.771532489662019, 0.9098646856429856, 0.6222104359499141, 0.4109319073574096, 0.283383783843433, 0.795388159549197, 0.7121929502175487, 0.9056310083267208, 0.0633257922741669, 0.1913830637579851, 0.4476347262035708]",-18712.074606175396,26.445111391649775
27.285819371885076,3.646271511056401,0.8779105240197786,"[0.5054051981121461, 0.910474976055119, 0.1012151736810795, 0.1449521891481654, 0.486062858955854, 0.7680041972149144, 0.2532642459646945, 0.850275649868533, 0.6031838548773185, 0.3071389211210391, 0.7838792732704905, 0.0765602234531243, 0.631608596784613, 0.3982801258935539, 0.8279652825310793, 0.7972297656276589, 0.6357176204642424, 0.1045281542239603, 0.560144751724654, 0.6231614026257533, 0.2708948097366171, 0.1145697165858641, 0.1669702575389091, 0.5771853153206402, 0.1961544116075725, 0.816008933190287, 0.9950870786008098, 0.3281982728789718, 0.6029098827482067, 0.6779397755199523, 0.1497465856131477, 0.3610645882625948]",-18712.074606175396,26.445111391649775
27.304091826251003,3.6463215660311654,0.8378509099140194,"[0.617477986116309, 0.0870712258375872, 0.5111657757707843, 0.4714245502459362, 0.620737786988065, 0.1239906037827612, 0.6400027943459242, 0.7068939428225696, 0.8992336206689705, 0.9165798718449903, 0.5773863003030888, 0.2371965715394622, 0.8468787681802917, 0.1109776261620011, 0.4633736388717355, 0.4969252330276296, 0.7886899847194236, 0.076907760395998, 0.9874757288296784, 0.9435184613719207, 0.903357896796206, 0.3071408007484234, 0.5070890807959572, 0.2828391666951494, 0.2842961232200411, 0.801087340238996, 0.2153868390773977, 0.6567839578820595, 0.1779333993242538, 0.6141357919923325, 0.7602100068177018, 0.3709759320644903]",-18712.074606175396,26.445111391649775
27.241322000049266,3.6459370696419957,0.7687565501362705,"[0.5624321567841313, 0.9325550344997726, 0.6794011403174705, 0.3536478087445005, 0.6886815854902847, 0.1735228831989859, 0.8139941596925323, 0.6284681681094159, 0.6877520402811157, 0.3590632700745873, 0.2044457493264652, 0.1813702067213552, 0.3788403622946039, 0.1143258441066367, 0.9426960674415844, 0.5568608241654486, 0.8295020655484804, 0.4793565171177121, 0.8767794301658614, 0.2474047756221356, 0.4279119604178147, 0.3722614301854433, 0.5164178321450277, 0.7929459364936494, 0.3201008593934588, 0.6933078587703864, 0.2897813918687154, 0.2246455466997793, 0.3935844217785829, 0.0505678748853153, 0.5355240736998557, 0.7279416673749856]",-18712.074606175396,26.445111391649775
27.297570709753376,3.6463627716993363,0.8006338011882347,"[0.435686238561226, 0.0059084421727167, 0.0071692694115068, 0.5778928777429808, 0.1564653135282804, 0.0404673581482256, 0.9216036410067238, 0.490771368585133, 0.9450368164519044, 0.4472704700289025, 0.4991929141490318, 0.028326720469443, 0.5972193154234455, 0.7491378126470669, 0.8501377753784459, 0.904806735183562, 0.8011081963054466, 0.7294308341971166, 0.0584193281059028, 0.6827225271046754, 0.3127402752837578, 0.7681495622196655, 0.3747901727398109, 0.617646716415132, 0.4007598377391687, 0.5991947460835745, 0.3559983396050833, 0.4074908871145939, 0.5318148543223572, 0.9095112794478898, 0.4802726923655204, 0.9286154087134406]",-18712.074606175396,26.445111391649775
27.30801507600109,3.6463762735283893,0.9046850432795805,"[0.0504229237907835, 0.777949942738917, 0.9984570534779168, 0.1483632770208243, 0.981027775508579, 0.1501390680903351, 0.8220840440490075, 0.4598570618915421, 0.41927823921354, 0.4602223797270486, 0.7677990384647778, 0.3085408059505873, 0.445701664802788, 0.8947967453306791, 0.2061485568739588, 0.5232477046956685, 0.7549259986898612, 0.8342223454241712, 0.938363697646254, 0.2513451359584203, 0.4360932757919399, 0.1207793455987103, 0.1872616477806893, 0.8488958192212162, 0.1610833489409743, 0.921221929734213, 0.3118559071174571, 0.2694701142241382, 0.6643291778301794, 0.1325020604205609, 0.228011062430345, 0.4311245771421844]",-18712.074606175396,26.445111391649775
27.284224304363356,3.6463410752957404,0.6738975350345827,"[0.1150311178002653, 0.1898662480661719, 0.2020830221052585, 0.2217208040260908, 0.4161886024536795, 0.6112129135656976, 0.661955232144075, 0.8850935922573573, 0.6370457916596873, 0.4029952405734455, 0.5925420435376819, 0.8131857599281177, 0.2745245317572184, 0.5646541711557613, 0.572920435863772, 0.3714904238294118, 0.389207816705747, 0.5851086314660685, 0.3965596588247252, 0.9772582690609154, 0.7923084639261282, 0.8536093136618226, 0.0276376283971048, 0.8989742089064358, 0.0950711201000106, 0.6403165194000857, 0.1999147396646967, 0.164966402048037, 0.2687303748197588, 0.0761252766878742, 0.3209275590675954, 0.5576572988941814]",-18712.074606175396,26.445111391649775
27.329709647873706,3.6463533675152204,0.6673254431823439,"[0.9568016042077, 0.9905486270394164, 0.071699742036317, 0.0903503970863287, 0.4045981367003413, 0.7301189911471265, 0.9890391644881562, 0.4202635583402007, 0.2340837662339376, 0.5661983515317591, 0.7751470856411116, 0.2760323791488017, 0.6535969215784446, 0.5854295963291082, 0.6825633755435713, 0.8645204684230628, 0.5365174280294378, 0.025706528488732, 0.8872136885626016, 0.9762377582168384, 0.8908604124108117, 0.6431916904948612, 0.4344055270960926, 0.7093695776911642, 0.9624742179478004, 0.3136424291322108, 0.4638871489279562, 0.5239061747264718, 0.9851518601371088, 0.0210797737060662, 0.5060145607863029, 0.3338356166506673]",-18712.074606175396,26.445111391649775
27.315442026769535,3.6463599100266673,1.0210757250359284,"[0.7438021709957163, 0.682625582059232, 0.5975227335548889, 0.5995826517910566, 0.011964520275742, 0.9397415072337651, 0.922679932752426, 0.3730560488208598, 0.9284285634477332, 0.632650084222913, 0.5035386340132592, 0.2255096375586733, 0.6974384995372289, 0.2598481939733358, 0.1126903427405179, 0.9044168589151405, 0.99181832776936, 0.5174902934937414, 0.4725481042310022, 0.3170462322879556, 0.6680260251063291, 0.6894356985559024, 0.0094311233453629, 0.871051336957997, 0.8215656857855861, 0.5329602851986158, 0.3544423767665385, 0.4306306652447435, 0.644702341263059, 0.0549168858266621, 0.3314502793302502, 0.659631350616963]",-18712.074606175396,26.445111391649775
27.343082762387613,3.6463066275224283,1.0056274123352158,"[0.1135325294988505, 0.2752000762872305, 0.907612655825798, 0.4009375146548216, 0.1300743929244451, 0.6791896956804078, 0.342557343235199, 0.2109666882915265, 0.2075466856535727, 0.4959309973111809, 0.8794180918466042, 0.7192383860000616, 0.6891295637371796, 0.2799781810957208, 0.7392433539612427, 0.5426938468548187, 0.0914620041689966, 0.9049908530283304, 0.5192479781769583, 0.4976593983114228, 0.293498334493652, 0.835267269225373, 0.4888865923764748, 0.6191188217463008, 0.4321301507675558, 0.6543984688048019, 0.1281525917936526, 0.2956339532145741, 0.3529446296346475, 0.281309106797648, 0.5503550882098843, 0.999877118184438]",-18712.074606175396,26.445111391649775
27.31799885504479,3.646355670132497,0.6225959111839025,"[0.3835928625917202, 0.9537242688027842, 0.0952074964208704, 0.4972018636914902, 0.1955268479101113, 0.2182228665777885, 0.5560378141524897, 0.8243130821713208, 0.4804660827858241, 0.4228369685197229, 0.1686064525070087, 0.3812404430509167, 0.5952615516425714, 0.0542905325248702, 0.2237211641637492, 0.9128854440152308, 0.5983828412208516, 0.9873212730526514, 0.9359214009675626, 0.8670102631566245, 0.6090163215896801, 0.5233796919408732, 0.0436459622760103, 0.1137136301988217, 0.9329651051362334, 0.5429641769871698, 0.6598765593603724, 0.3437740759697161, 0.8363047177907328, 0.1641725979122823, 0.2447137041640638, 0.4138016902920819]",-18712.074606175396,26.445111391649775
27.306838220491187,3.6463842231882526,0.6395881409147425,"[0.6583448629352822, 0.0478647749674307, 0.8717029283684214, 0.9205217381455352, 0.2175595571179945, 0.5889855001560744, 0.9235460327553112, 0.1666066945540761, 0.4276619810127357, 0.5648123759650019, 0.8519717175854488, 0.2323369046124945, 0.6010046427575617, 0.6752834951662428, 0.1245268486320595, 0.5553317847143212, 0.2718898863674757, 0.6573302013567889, 0.451532968306591, 0.1442284958426389, 0.8003597415577827, 0.8727321370517879, 0.1833094070378162, 0.6779650356146335, 0.0213281984129029, 0.0488258493082553, 0.6346892502735688, 0.7705381085266476, 0.2064217981397818, 0.7123425949510481, 0.9723996180138926, 0.874710346879109]",-18712.074606175396,26.445111391649775
27.314202110997428,3.646361249119174,1.0184632187998983,"[0.9791487166943708, 0.0081920327900173, 0.9387185338139032, 0.9222844961406034, 0.7497899298138375, 0.8797837415384042, 0.0689924818372476, 0.81681200568701, 0.0910747791165241, 0.4232181578058453, 0.3685771183768327, 0.984266214648141, 0.2333697810782291, 0.9491827674645088, 0.8694717327057196, 0.7736631132538089, 0.1914853268058511, 0.1877464229596973, 0.2724248652676643, 0.5350436978928073, 0.4558871740566507, 0.6342630874184193, 0.5730469118078484, 0.7590927616532921, 0.2561383772352517, 0.421471735618468, 0.7188976777297312, 0.5445586354192933, 0.6305282695092371, 0.1330379865614621, 0.4186917898329284, 0.5086268146930755]",-18712.074606175396,26.445111391649775
27.306443087760176,3.645467351482166,0.5742187407155084,"[0.7221658699506354, 0.9385499268490394, 0.4819415344124039, 0.8976392378085385, 0.4665170443700713, 0.3642056459276606, 0.2758356463366465, 0.3797622758255985, 0.2621520989457916, 0.7880696196038914, 0.9454301397192916, 0.1379369473756994, 0.0321755027741497, 0.2952343437218979, 0.3766527233293241, 0.8069902021518546, 0.1161968001830018, 0.5078524656210808, 0.0487694392888025, 0.9533909309449448, 0.5338037652433434, 0.0609072927561823, 0.4275494528832542, 0.495764798712586, 0.0827770481974323, 0.6361280747796815, 0.6082741657734543, 0.09001010954008, 0.9821807871510444, 0.0895092602513958, 0.74869697235667, 0.5518093337844914]",-18712.074606175396,26.445111391649775
27.317870365083884,3.6463856349911423,1.302455906951359,"[0.619637338662787, 0.1413725767733704, 0.2684564611670287, 0.1780680877331306, 0.7765931721616052, 0.1210991765914115, 0.6895965990490535, 0.9870410058388034, 0.9680258599133728, 0.1057034696973618, 0.9066661069443132, 0.3907881310949745, 0.5504500910604515, 0.6755042741746918, 0.7213588616362615, 0.5258456340100958, 0.5894039701053787, 0.9100805097931224, 0.3270085858137168, 0.0454700150615043, 0.9193502616661056, 0.4161273998675336, 0.0968766891134619, 0.9590562985238869, 0.4708164883519775, 0.0308675741233401, 0.8316180002521504, 0.8090278972208681, 0.8517245472587824, 0.9832656014297676, 0.5636252986480582, 0.5143466987334748]",-18712.074606175396,26.445111391649775
27.323005601270978,3.6463477593158893,0.925406168787803,"[0.3070451643570297, 0.0158285776602109, 0.2370555085502872, 0.4619362262478658, 0.5422379359999023, 0.9324032463138844, 0.7968273260691506, 0.7016423884253855, 0.2393643259276153, 0.6545351257235007, 0.916966851131378, 0.1247385454143127, 0.5182849279140401, 0.4526174027673914, 0.6429725184650589, 0.6873480515614352, 0.3348224874405047, 0.1834574521759082, 0.3459453937929938, 0.3661118258605603, 0.0505241619796311, 0.1086964442116532, 0.8928713207383806, 0.3723637198943549, 0.1558560134362057, 0.7244845060735883, 0.7721538626217765, 0.4080905042637301, 0.2422853189784516, 0.2780210933489577, 0.3631973824183697, 0.5897711277707304]",-18712.074606175396,26.445111391649775
27.32259011597366,3.646326609030488,0.7202868277086345,"[0.522017546752878, 0.2295024549146776, 0.2912921872844545, 0.3314044956618868, 0.5356158619813972, 0.1750365188769531, 0.1966567486804139, 0.6600661393292475, 0.2434052114326302, 0.4811160147876772, 0.640102363024912, 0.6028688051022835, 0.1119185822660066, 0.9653436939343668, 0.6770309158936403, 0.1360441739416439, 0.1184094945427386, 0.150021911479558, 0.947957289105826, 0.4575154460659212, 0.0498651176194226, 0.6260062849849158, 0.981416928610212, 0.2045184828615649, 0.1649876540340931, 0.0407391650696777, 0.308152668165598, 0.6095128319987426, 0.6925055784257691, 0.7323602685273138, 0.3033097332332592, 0.396363840921653]",-18712.074606175396,26.445111391649775
27.3238239259542,3.646381748348321,0.7335442265742539,"[0.6655541697022748, 0.1210783663126608, 0.6994390856786427, 0.6633081085155755, 0.5362602785179811, 0.4003955065003181, 0.1729785435777885, 0.1036302512162565, 0.9488233231588212, 0.0309830516764276, 0.1404092849038222, 0.205545985689062, 0.5978806470347983, 0.6559324647755986, 0.6866378672526496, 0.0565058313605109, 0.5004449252425373, 0.4599051611361786, 0.0694480599094746, 0.179189146572864, 0.2264004300171749, 0.7102397061488224, 0.7693877502093726, 0.6352709048845084, 0.6854421380634127, 0.035935986700048, 0.2436483142322603, 0.8646041842342892, 0.8969360576194011, 0.0078648912068734, 0.7394215516479148, 0.0615993600318985]",-18712.074606175396,26.445111391649775
27.311994225288196,3.646362503675972,1.0740648571523856,"[0.8247670466062227, 0.4379507226405766, 0.4643113213550404, 0.2497669191647142, 0.0811010682376171, 0.6552696927781217, 0.0701660868801177, 0.5003826915460918, 0.6685486682834719, 0.9800830062133424, 0.4297650416217364, 0.3916953670717321, 0.9347964844778835, 0.2786764146906932, 0.9461319477112712, 0.1996663389725623, 0.686425444564252, 0.3200807592541834, 0.8315504357097834, 0.3774866973510102, 0.2008298600777653, 0.962806178391682, 0.6116660008638328, 0.4119131367024589, 0.1420886945094176, 0.1279185183228414, 0.690707362107726, 0.20233234674046, 0.6384819058891509, 0.1860380553242296, 0.7012438266365023, 0.5588889255250205]",-18712.074606175396,26.445111391649775
27.311597176037022,3.6463724988249266,0.7823134000548737,"[0.4108483273518822, 0.185923240012088, 0.027578121289735, 0.7703371399769904, 0.3177961246699159, 0.0547467328194901, 0.5538196591657596, 0.7453869626578933, 0.7256131407968759, 0.3137261166318302, 0.1071752439934454, 0.0113299864793762, 0.9855725590305896, 0.2381923870465982, 0.355747906848374, 0.2241672998304683, 0.4423687992601944, 0.8936320456822202, 0.0931397464213852, 0.142055996902149, 0.5600145313388725, 0.7943480439221037, 0.1010229734834858, 0.7314573060961526, 0.4953329069721278, 0.5585201586581127, 0.7574434130902881, 0.0306137272232092, 0.440035697756292, 0.995099541990792, 0.2527884422990591, 0.5258141969699528]",-18712.074606175396,26.445111391649775
27.317638598970948,3.6463908356162387,0.6595095328319118,"[0.7401084268254396, 0.3422701683201434, 0.0735744669908195, 0.5174931762365216, 0.9960746264964868, 0.9123622437457088, 0.1176550601383458, 0.8699138043208026, 0.3933893847322086, 0.95482548679394, 0.0508497544570956, 0.7177263004667961, 0.9164184663516852, 0.8480866264975155, 0.7359089983146189, 0.7149269799757969, 0.3167401609293825, 0.1740276098197162, 0.998885239293972, 0.8581970043439805, 0.949701652995378, 0.92313660394986, 0.6971535907926858, 0.4494967996628262, 0.633821405896133, 0.0833552765323218, 0.4096218192683932, 0.9403198761957178, 0.1010280003280104, 0.218689001189164, 0.8339377780721453, 0.0256280651658605]",-18712.074606175396,26.445111391649775
27.31944697733375,3.646384494510368,0.6923542164571124,"[0.711321047258095, 0.0442289981749038, 0.5288158767907691, 0.671469771215686, 0.1604158079895441, 0.3340362196286191, 0.1483274729380052, 0.470631843828772, 0.2776545324760484, 0.4010111278982752, 0.6052042062654832, 0.0874494503258131, 0.6632510214459504, 0.0471025221440029, 0.3530063003043445, 0.7332113949422355, 0.9876104327953796, 0.0311151681436081, 0.0021777260517346, 0.0795336462467488, 0.2726251485650998, 0.7547609215065669, 0.6754903838217643, 0.8649261022325331, 0.6462585125834002, 0.3125818248904132, 0.7053655908920634, 0.9892812384888112, 0.638322266877111, 0.8381115654683017, 0.7728954549120235, 0.4766129946326081]",-18712.074606175396,26.445111391649775
27.303454640401615,3.6462698179655835,0.9403272079239798,"[0.2927570194290524, 0.3547260007016967, 0.3132495118325402, 0.2337205784064525, 0.1704708834175685, 0.0698999294428612, 0.3981476453419297, 0.4410358664138338, 0.5126491716082687, 0.8422748125993265, 0.3530148552613142, 0.3634400161399244, 0.684587968185313, 0.8784546856226496, 0.9519149677632728, 0.989434059300208, 0.909411846032588, 0.4711160178290762, 0.6329448871393076, 0.668689113713197, 0.3511271922949789, 0.5155798642784363, 0.36740401202142, 0.7198080090662144, 0.0792449498416309, 0.9154041352056904, 0.7145204230771095, 0.676972226349064, 0.603600386300344, 0.3684998210465321, 0.2224383276222665, 0.4377771871343053]",-18712.074606175396,26.445111391649775
27.303482209621997,3.6463859249675217,0.6637954771909076,"[0.155668341186776, 0.9472688399935318, 0.4817308164757579, 0.3799341868436663, 0.0713454014991544, 0.0617107395818896, 0.8422560024790858, 0.9233647146612394, 0.6657284262210855, 0.9953898604671104, 0.4896215962136022, 0.0633431747523407, 0.894062407363528, 0.0882947857829922, 0.1273898248142773, 0.6807076557899302, 0.8644789888776055, 0.7950744125803728, 0.2935881054538012, 0.6460076276492766, 0.6198746590062088, 0.688767583132219, 0.2998130813266935, 0.8899883009608709, 0.9604041938278508, 0.6027257038666994, 0.6526245947443503, 0.5363666385762323, 0.6975555573877, 0.3190992339999217, 0.0003209679600664, 0.7719457115151034]",-18712.074606175396,26.445111391649775
27.267836298721495,3.646305859847501,0.899646630795053,"[0.282218964254837, 0.836331034116634, 0.2143634531520589, 0.3200595367448023, 0.2122001468657341, 0.0158475518098523, 0.6895525370400782, 0.979814895861516, 0.8140511531464562, 0.5982090760820588, 0.9611124707025188, 0.7838067617741379, 0.684372555733299, 0.4046853656219234, 0.3007499901693566, 0.7204858663991681, 0.7933900988539517, 0.245703639677472, 0.408022741963891, 0.8815429424208883, 0.2108471583748407, 0.8118837087743284, 0.8992403096006124, 0.7633276186024777, 0.2009216637228655, 0.5360989416834157, 0.1024695075865858, 0.135346815364747, 0.5278203417394215, 0.3094067615080674, 0.3429982746335931, 0.6951849414516389]",-18712.074606175396,26.445111391649775
27.299283575106333,3.6463695105154597,0.926686625673282,"[0.6425325685204598, 0.9329671172551274, 0.4973435503001698, 0.2734820454511963, 0.0623980991306496, 0.7044175275479473, 0.7478946628081687, 0.8339641817383056, 0.0652513413803656, 0.9173570220951132, 0.788824888482503, 0.5116485601874862, 0.7164330523859357, 0.3393357562241902, 0.6344586828579644, 0.2571914946159904, 0.3552436358616012, 0.1821728790473419, 0.5211500407547837, 0.6667733784563994, 0.7819742277783769, 0.973503071384956, 0.4254150157724739, 0.253471523567702, 0.0332912857068043, 0.1766592089828956, 0.0711800482093143, 0.6734309038193854, 0.8517752293533738, 0.6173591166264205, 0.2109735221370625, 0.0512707250771611]",-18712.074606175396,26.445111391649775
27.312064452865467,3.646389526709038,0.6404041019620973,"[0.9086589429943916, 0.9254051668187224, 0.0915008792565427, 0.7896775022672669, 0.4707526835940857, 0.2415659590946818, 0.7000525454042696, 0.183664236194902, 0.5043214738081234, 0.1163537580313668, 0.2828832166912078, 0.6822450767487166, 0.3038469270604899, 0.7277977804873457, 0.9272403632818972, 0.0990759555466363, 0.6505894595726759, 0.4413029866423865, 0.9856622282404556, 0.9412403730519238, 0.3257924664927852, 0.2011344222894434, 0.0442621369896758, 0.8367952194120125, 0.4654437834739074, 0.0545426669935033, 0.3178702677452202, 0.4488822953926976, 0.9715107826740922, 0.0657179083869468, 0.1146652983099, 0.5024003946721554]",-18712.074606175396,26.445111391649775
27.262477984197034,3.6462027723655726,0.9625068203751596,"[0.6235523778223837, 0.2100909582721561, 0.6045910330153069, 0.5289672901848204, 0.1522314039864312, 0.0182631759146168, 0.6112680387595981, 0.1051481592770398, 0.2985061598930155, 0.5605449104250612, 0.0693702793937036, 0.519478900244139, 0.831871738423856, 0.5792894428088264, 0.4064681907625276, 0.8495040559369128, 0.4636989705080184, 0.7681984450714003, 0.1854084697712461, 0.2247706270679055, 0.5582639501359274, 0.2213982041942231, 0.5556955528770142, 0.4447273728206989, 0.4696259068399738, 0.8521873253544056, 0.3528596802042292, 0.1177718324444837, 0.8376273216248348, 0.0606760957772733, 0.5470091612696723, 0.7114944771858887]",-18712.074606175396,26.445111391649775
27.317561038982657,3.6462991370491067,1.3475062744678206,"[0.9554572218376696, 0.4684886580232958, 0.9054451173478276, 0.24819741578674, 0.7736663082868066, 0.6531723091703902, 0.1696654557059873, 0.8012053398850175, 0.8551034112062703, 0.427132685680154, 0.9203957356641936, 0.5247600680915929, 0.4842952984173908, 0.5480611865170378, 0.6287243304683864, 0.3611172192954424, 0.70675609666076, 0.3494289390160063, 0.966735387749824, 0.3729079236286773, 0.1888336423701444, 0.6544353233771674, 0.7462140159201053, 0.4975019255754428, 0.0476013734536423, 0.5771076458395675, 0.1595919843388533, 0.5014596253841288, 0.8182530344482755, 0.5049806989577847, 0.7360149566708953, 0.2947835528686808]",-18712.074606175396,26.445111391649775
27.32392530993161,3.646381413134863,0.8303805506739164,"[0.2187639007834695, 0.2663257555888941, 0.6861794277190594, 0.3008903069845234, 0.9863060297679588, 0.9182293969093748, 0.3987974134843084, 0.30245417557062, 0.9642251131866478, 0.9244248042247712, 0.932012706897384, 0.9953029211031232, 0.1859906727865822, 0.8544569724120555, 0.9463761074708832, 0.3913319060852562, 0.1629429821687009, 0.3272609714664372, 0.5899593619758079, 0.5773835967203638, 0.9515030281640848, 0.7083938792196866, 0.4223656829128158, 0.6804507723067704, 0.689641968541671, 0.5182518636776468, 0.1951478733878815, 0.9610316535949376, 0.1763356543595809, 0.4200689538144365, 0.1007575744905379, 0.4655692171247378]",-18712.074606175396,26.445111391649775
27.353870718794145,3.646333753381564,1.0663258517967305,"[0.3700441961599873, 0.2972889407364713, 0.6629276954650102, 0.6978464407642412, 0.4302443854816311, 0.5118004924730036, 0.7835102475286589, 0.0942647551401694, 0.1793438676426512, 0.4842408245608541, 0.7407237785775296, 0.6375852535830272, 0.3794274532251105, 0.3889486327344788, 0.4223633477582709, 0.9219241097006808, 0.0494406026571247, 0.2753050334426044, 0.6924583435260049, 0.7226672568062632, 0.03739340384879, 0.1749250553165145, 0.2866965254930312, 0.5047336330906812, 0.1812641315270046, 0.6080293308489649, 0.0211209723817314, 0.9881054735885776, 0.8490056161028666, 0.8400083511210281, 0.8019126142992319, 0.3728197582429812]",-18712.074606175396,26.445111391649775
27.313028626148714,3.6463807663788654,0.9292624191302314,"[0.7617703700308888, 0.8292660940762966, 0.9249438093627502, 0.2800664813223334, 0.4528507388859434, 0.6525957201429742, 0.8054161537946908, 0.0229405326048916, 0.0206241475053715, 0.5537286786725175, 0.1995953502260334, 0.9364008764396982, 0.1817397982755309, 0.1779094873160281, 0.0592412607842274, 0.7620202793850952, 0.7239183794616076, 0.5843186552993619, 0.4431356916578886, 0.5490607695403242, 0.6734033671848952, 0.3724744174514588, 0.4464864591386239, 0.9222082323888192, 0.3186140598414296, 0.7800204950210989, 0.7984375340893469, 0.2102671285629566, 0.263472824065003, 0.5751238754095607, 0.7550023005747347, 0.8060586712664535]",-18712.074606175396,26.445111391649775
27.30218028607413,3.646345975463142,0.9668637667096428,"[0.2154633128345601, 0.3172268345402773, 0.9404550438529478, 0.129377763963354, 0.2715752049382783, 0.3460582528923448, 0.4468806469697, 0.7291835802160813, 0.3715764333434606, 0.1935031173936495, 0.1602532117069832, 0.6818692862805434, 0.3381289232681443, 0.0462396701072065, 0.814281949713989, 0.7488724236125047, 0.3448292219186202, 0.1419236329275679, 0.2427838455984607, 0.5792249329830891, 0.7619638969091163, 0.7210877916260743, 0.7040183645590912, 0.8679129810186506, 0.6247445012688464, 0.6221599294371613, 0.6014727621711113, 0.7335130930876083, 0.8478482401855271, 0.902633893058108, 0.6500740260309459, 0.9112130145522058]",-18712.074606175396,26.445111391649775
27.30981796389858,3.6463899852526187,0.784359964095743,"[0.3421314912071974, 0.2145279193106919, 0.0170128528215295, 0.8401313936023217, 0.7495096645980843, 0.739284044127757, 0.546841838847926, 0.7025480062574151, 0.8239539653624158, 0.758137552993069, 0.3100460565387368, 0.4035208845524103, 0.83488773501979, 0.9452324303251304, 0.9036924866550168, 0.0673283201159614, 0.9639637999206544, 0.935110107074464, 0.135056309693791, 0.0228503534523959, 0.8933349011976197, 0.750719495865945, 0.8496284262900553, 0.4456469364065483, 0.982933088635534, 0.7312076795715408, 0.4637089943661787, 0.8116748420251391, 0.6669843042806882, 0.2677269718698061, 0.8810292936311184, 0.9015202373758632]",-18712.074606175396,26.445111391649775
27.316666527926074,3.646379736297463,1.4019016721050217,"[0.6593778786313087, 0.0090434378971739, 0.7263223262550123, 0.0271769220672549, 0.7958642164417927, 0.5803329037354076, 0.8150893240757849, 0.8730310546942011, 0.5121902257950031, 0.065647734941504, 0.1578611567010117, 0.9551577932204668, 0.3862421051232378, 0.8441634444283008, 0.7131515941735644, 0.9729524776141232, 0.0253504200780613, 0.7898211826192774, 0.8876939459341591, 0.4707483263838467, 0.4531935511288024, 0.6030489293660078, 0.6084121364916795, 0.2974535472678525, 0.390493510331221, 0.5443064504605903, 0.5697670767837139, 0.127286726310909, 0.9870177289552162, 0.7253665754633787, 0.1411394281984345, 0.5058631501621792]",-18712.074606175396,26.445111391649775
27.362248251817324,3.6461772956185707,0.8522221715135941,"[0.3814905646058422, 0.3420503547162409, 0.6530027238711327, 0.2718661891756808, 0.5940179259198853, 0.5755391495833683, 0.4814951436851546, 0.8141673348237983, 0.2196337156305954, 0.7583373289102909, 0.7667450545908886, 0.0373590766732035, 0.3239108509832944, 0.9334280410332934, 0.7441900249239581, 0.4640220055041883, 0.0046725148825136, 0.1822475050619338, 0.1615309173991333, 0.7083875223263743, 0.5016744402678718, 0.2242993145711889, 0.2318566593289677, 0.8029924233686475, 0.7501468577531822, 0.4530410959478058, 0.332777636881879, 0.3469975753663371, 0.7981981344779082, 0.3946596563638025, 0.1681150034451002, 0.1383586923062487]",-18712.074606175396,26.445111391649775
27.28946141064284,3.646321783769236,0.7933169284178532,"[0.8009957696863098, 0.49998415267544, 0.8116096864528323, 0.6053870925246885, 0.5662158088937351, 0.5705330164832991, 0.1169828720704304, 0.3019866366196088, 0.4398391016771903, 0.5828516847706192, 0.1493154646517764, 0.9243542113906552, 0.427002583015749, 0.4201038747298201, 0.7293637745353984, 0.7214694544872882, 0.0510972264153214, 0.9841559125493904, 0.0272027112573423, 0.0995015478834079, 0.969595518948534, 0.7067645811463426, 0.2035371554804802, 0.6553791385471788, 0.7995248917711013, 0.8317355302149713, 0.5444701654115971, 0.8093255186432233, 0.7904059544689033, 0.4927572984138981, 0.3645609078972424, 0.7345809060839935]",-18712.074606175396,26.445111391649775
27.31518455870381,3.6463903098032375,0.8045567207046895,"[0.0116308066975841, 0.7252692355681921, 0.428610907724605, 0.8550762115665482, 0.5812683285272044, 0.977201505528237, 0.8303766926328351, 0.266134387241404, 0.7813476997560728, 0.0596678118763355, 0.0971995875763616, 0.1177798427027852, 0.772988948992518, 0.4446414247939297, 0.2412575655932856, 0.6081607445148057, 0.4699941354550812, 0.0188739965382439, 0.7711575826450697, 0.4496930548868891, 0.0475933563630788, 0.3944795046431881, 0.9166394035399662, 0.0927417426258706, 0.1248213940161481, 0.5725086282565982, 0.1708259361939145, 0.682139029086944, 0.5657744425136151, 0.9902067675914528, 0.920210233654372, 0.0273941156010157]",-18712.074606175396,26.445111391649775
27.327776002703292,3.6463655521860723,0.988233249315722,"[0.1398306391146874, 0.0944528256034508, 0.7265060816875029, 0.3849456162151456, 0.7580958875051461, 0.6385018217247154, 0.9740134692999192, 0.52018131531593, 0.8545852553429669, 0.1813352449369416, 0.3709758796265412, 0.2289563335821653, 0.3065683691992597, 0.8296632405823977, 0.1322677333114408, 0.8072390971339519, 0.1770809287670867, 0.1191864034406867, 0.6121739492918608, 0.426341737333638, 0.5434698609001549, 0.5803441707659697, 0.6621584874666949, 0.8672932401255732, 0.6788603378185833, 0.5100041918572558, 0.8245875389920898, 0.9219063891504312, 0.7632987180556344, 0.5561780971384945, 0.2918650344650486, 0.8912580307085894]",-18712.074606175396,26.445111391649775
27.279483665851398,3.6462539500526288,0.8586264891632215,"[0.0632831339337961, 0.6679400818367375, 0.7424434720505355, 0.1138239310951824, 0.3312363130132745, 0.1706949488156975, 0.7138188126725137, 0.8208944628995125, 0.5580057861334321, 0.7502688176413822, 0.9730718114573262, 0.2870812021598389, 0.3915718017077452, 0.7537520588022012, 0.0238753488499457, 0.4527398081483205, 0.7140254606277813, 0.4490236144480791, 0.735102260280077, 0.5738256083000839, 0.6344139614673504, 0.7811039763802131, 0.2880661421168134, 0.1037176031197394, 0.6148598619360076, 0.2612850524661074, 0.4746898443119114, 0.6094795786606857, 0.5311274164723373, 0.0179640701163541, 0.1978593939909574, 0.5297526293558961]",-18712.074606175396,26.445111391649775
27.301665526530446,3.6463781293387485,0.518006464119866,"[0.8796919302249923, 0.3299975580877078, 0.0463122064863237, 0.0796672279465369, 0.0728715909551224, 0.78318471239287, 0.8258669537389469, 0.1474265307805072, 0.2174014323460218, 0.4154634380477295, 0.2667793123202673, 0.452623878593912, 0.589647952273851, 0.88632949511283, 0.6280409293133075, 0.3249152744461164, 0.9501184520615472, 0.5363222567075047, 0.1989882211378552, 0.2366980000965555, 0.9235108008533268, 0.6243542418154872, 0.1966042106674721, 0.3760518740739627, 0.516229984212896, 0.8988039560441665, 0.7738384717063114, 0.8164065793314998, 0.6211233508147889, 0.9884258596111049, 0.6990494215925581, 0.2711078168896394]",-18712.074606175396,26.445111391649775
27.294572439491173,3.646305304339404,0.8210850697197902,"[0.3168118560755839, 0.2987571555156716, 0.5676669792715072, 0.8287757615365522, 0.354151056144848, 0.5017037861909833, 0.5370548092779595, 0.593146880523299, 0.9283720109278742, 0.8579906440917023, 0.0504783193823905, 0.2358713097019717, 0.4883672899399897, 0.2274152285468884, 0.948928185439368, 0.0180833958406865, 0.2186079913315095, 0.4072208669853613, 0.9916689140984836, 0.5992562803570375, 0.4364056213619259, 0.6328508803060284, 0.4295627467154778, 0.8209549371275575, 0.8343791836266224, 0.46096347329419, 0.5416437556079706, 0.0414443217690618, 0.9741757855522064, 0.6208285803760949, 0.5699310299443856, 0.4555237924667145]",-18712.074606175396,26.445111391649775
27.290763585367404,3.6463662317798584,0.8486801438506836,"[0.4534690808636463, 0.6326630246181553, 0.942332639005956, 0.374946710578053, 0.8861041198232641, 0.1378082082478303, 0.2933486372878187, 0.2159450507870177, 0.806952819455434, 0.0648609624255428, 0.6494029515489956, 0.9223491326036918, 0.3220195430269055, 0.4764836018438454, 0.925135220107992, 0.3505260892852462, 0.9666123617262032, 0.8795044456572656, 0.0203729960246905, 0.3200270729645926, 0.9819835644881618, 0.8538061255443239, 0.790837430956338, 0.4139877304597677, 0.8191071740978637, 0.935810646479292, 0.7141338696944397, 0.3403543219935155, 0.252668098984022, 0.4850235955857016, 0.0096804340527239, 0.3867194770059817]",-18712.074606175396,26.445111391649775
27.30547842583684,3.646381304218778,1.1186249140581144,"[0.5886284920643754, 0.6167484592620739, 0.7389419855644624, 0.3409740939484162, 0.6296288692014476, 0.1110250604403537, 0.326783632671772, 0.9598189640437448, 0.2086827457351945, 0.9389282280872778, 0.394106846579175, 0.7274749191155727, 0.2436934441252501, 0.916922320952616, 0.9484029462952296, 0.1493032362767727, 0.9936985571022412, 0.8415489820494791, 0.8231209836016267, 0.8692880428718593, 0.3908025836959717, 0.4274985795630248, 0.3633882389786427, 0.4213097324241278, 0.4942048072849789, 0.9972633562223708, 0.8544892630505408, 0.0028083909362687, 0.3778376834154988, 0.704410572048396, 0.5085148117218458, 0.0412065342302886]",-18712.074606175396,26.445111391649775
27.313581784470617,3.6463831705540035,0.8019120580613899,"[0.3068367873360667, 0.8957784529276674, 0.7420174239479201, 0.5505154531124251, 0.0448286121703994, 0.057353093224685, 0.0309198779478079, 0.9327310635405393, 0.3314697137267317, 0.5967904048320688, 0.9249756156647044, 0.2317422802192092, 0.8974288550273526, 0.6960382224170193, 0.5693642075585177, 0.4512980402063546, 0.8202109285106677, 0.3849020931244189, 0.2391886643299232, 0.1257892495547049, 0.4150808168265627, 0.6618426119695753, 0.2058438427109922, 0.9443243277115134, 0.6554592548789354, 0.2901021832241025, 0.4201554809009594, 0.2768063409784015, 0.6451763921795796, 0.1389247663757531, 0.7681115724716266, 0.0105257694188961]",-18712.074606175396,26.445111391649775
27.285157257093505,3.646304205277453,0.7130284005221346,"[0.0008829704045903, 0.1712717985208457, 0.2801273585048625, 0.4316702078743726, 0.7481880365393518, 0.5945213004321206, 0.5332726377067486, 0.4211497905051618, 0.7878926225849537, 0.9860099896938928, 0.836389528157967, 0.4969315107801526, 0.283386604957782, 0.7253641784640525, 0.1947583593953493, 0.7576371107803777, 0.3448126787688977, 0.0430483254303761, 0.8641979945400948, 0.7281258434206321, 0.0987073798430458, 0.9396050642698556, 0.0240600769000748, 0.9550730531230576, 0.6261250650447673, 0.1343833731363213, 0.1617015851452349, 0.1549347051701515, 0.9486881116026868, 0.4241069081710921, 0.4125168856741718, 0.6096235818408005]",-18712.074606175396,26.445111391649775
27.326061087183653,3.646363326305953,0.757538660896494,"[0.6053476259636091, 0.800023264979443, 0.3281994935947482, 0.0008073427342856, 0.494268748042812, 0.1080685040238337, 0.9883334165820556, 0.6987535416169758, 0.8494778643942513, 0.6778065637756938, 0.100207798547938, 0.6670868598106602, 0.5736282856144379, 0.2857877711283039, 0.0408598534610322, 0.2368767620365783, 0.5282091071091469, 0.5481208573739841, 0.0644350326703038, 0.5232227907289698, 0.4249340220142212, 0.8898246130657372, 0.8863907286360012, 0.9218469941129782, 0.4409553086715629, 0.6784396774500663, 0.5663642512774854, 0.7783563694878426, 0.0435747688353278, 0.1348412430968208, 0.9797328462492992, 0.2014381351836052]",-18712.074606175396,26.445111391649775
27.333156776524564,3.6462323517915882,0.620039816171088,"[0.7723820657057611, 0.4832672386131567, 0.3902996027075499, 0.0478940411154623, 0.4062690606339958, 0.402119609270565, 0.4081768108457562, 0.5636296034523036, 0.5922467278651888, 0.1633909387540049, 0.3746492281706481, 0.0709603658776051, 0.6115832987235631, 0.2154228044683734, 0.3793457313553224, 0.6019510915259224, 0.6473318214359625, 0.3287609147659043, 0.8211666733047086, 0.6316176469635811, 0.6868059758431512, 0.8306359112583168, 0.6755822778883128, 0.644900099794187, 0.179283757766371, 0.1680202293880667, 0.2451383563980211, 0.2474571961509437, 0.0034679326153326, 0.7319906035512457, 0.6203250687219088, 0.0779536511050784]",-18712.074606175396,26.445111391649775
27.27994461358484,3.6459236551801752,0.7162262601381382,"[0.3532750923378868, 0.8295142375712202, 0.1304479549972557, 0.8562819179810939, 0.0233078111859093, 0.4991779076355219, 0.474427885022419, 0.4690470949066589, 0.4964599924485682, 0.878096252142229, 0.4679657056143357, 0.5907543795706767, 0.144942763793802, 0.3596145132482818, 0.7130309915865648, 0.9643368615343868, 0.6625655412731, 0.3244127877077794, 0.3141519196648838, 0.4266388977316036, 0.6396460010097522, 0.8986538873133074, 0.72718998708852, 0.7750865237216844, 0.7881788617479142, 0.8554929522538725, 0.2174273302996367, 0.4636838259774435, 0.4027830822089408, 0.4951290533407564, 0.2193695840433425, 0.2987284582234816]",-18712.074606175396,26.445111391649775
